index,h,q
10002,NA,10
10006,NA,10
1001,NA,10
10010,NA,10
10011,NA,4
10015,NA,10
10021,NA,10
10024,NA,10
10031,NA,10
10042,NA,10
10044,NA,10
10048,NA,10
10058,NA,10
10059,NA,10
10060,NA,10
10062,NA,10
10066,NA,10
10071,NA,4
10073,NA,10
10075,NA,10
10078,NA,10
1010,NA,10
10100,NA,10
10103,NA,10
10108,NA,10
10110,NA,10
10111,NA,10
10112,NA,10
10117,NA,10
10120,NA,10
10122,NA,10
10126,NA,10
10127,NA,10
10132,NA,6
10133,NA,10
10134,NA,6
10137,NA,10
10138,NA,6
10139,NA,10
10144,NA,10
10148,NA,10
10150,NA,10
10151,NA,10
10153,NA,10
10168,NA,10
10172,NA,10
10174,NA,10
10175,NA,6
10176,NA,10
10177,NA,10
10184,NA,10
10187,NA,6
10188,NA,10
10194,NA,10
10198,NA,10
10202,NA,10
10204,NA,10
10205,NA,10
10208,NA,10
10209,NA,10
10211,NA,10
10215,NA,4
10216,NA,10
10219,NA,10
10220,NA,10
10221,NA,10
10223,NA,10
10225,NA,6
10231,NA,10
10232,NA,10
10233,NA,7
10240,NA,10
10246,NA,10
10251,NA,10
10257,NA,1
10259,NA,1
10264,NA,10
10266,NA,10
10276,NA,10
10277,NA,10
10279,NA,10
10287,NA,10
10292,NA,10
10298,NA,10
10301,NA,10
10305,NA,10
10306,NA,10
10308,NA,10
10310,NA,10
10315,NA,10
10317,NA,10
10322,NA,10
10323,NA,10
10328,NA,10
10329,NA,10
10331,NA,10
10332,NA,8
10338,NA,9
10341,NA,10
10342,NA,10
10343,NA,10
10349,NA,10
10357,NA,10
10369,NA,10
10378,NA,10
10379,NA,10
10380,NA,10
10384,NA,10
10385,NA,10
10387,NA,10
10392,NA,10
10394,NA,10
10396,NA,10
10400,NA,10
10402,NA,10
10404,NA,10
10407,NA,10
10411,NA,10
10413,NA,10
10414,NA,10
10416,NA,10
10423,NA,10
10424,NA,10
10426,NA,10
10428,NA,10
10430,NA,10
10432,NA,10
10441,NA,10
10444,NA,10
10453,NA,10
10455,NA,10
10460,NA,10
10461,NA,10
10464,NA,10
10466,NA,10
10468,NA,10
10475,NA,10
10476,NA,10
10478,NA,10
10488,NA,9
10489,NA,10
10503,NA,1
10507,NA,3
10509,NA,1
10511,NA,10
10519,NA,10
10524,NA,10
10532,NA,10
10539,NA,10
10548,NA,10
10549,NA,10
10554,NA,10
10556,NA,10
10557,NA,10
10560,NA,6
10566,NA,10
10567,NA,10
10570,NA,10
10571,NA,10
10573,NA,10
10579,NA,10
10582,NA,6
10583,NA,10
10584,NA,10
10585,NA,6
10586,NA,10
10587,NA,10
10589,NA,10
10591,NA,10
10594,NA,10
10595,NA,10
10608,NA,3
10620,NA,10
10623,NA,10
10625,NA,10
10632,NA,10
10641,NA,10
10651,NA,10
10653,NA,10
10660,NA,9
10678,NA,10
10688,NA,10
10693,NA,10
10694,NA,9
10701,NA,10
10705,NA,10
10713,NA,10
1081,NA,8
1101,NA,6
1102,NA,10
1103,1,NA
1104,NA,6
11048,NA,10
1105,NA,6
11056,NA,10
11061,NA,10
1107,NA,6
1127,NA,9
11306,NA,10
11308,NA,10
11309,NA,10
11312,NA,10
11313,NA,10
11315,NA,10
11327,NA,10
11332,NA,10
11334,NA,10
11335,NA,10
11337,NA,10
11345,NA,10
11350,NA,10
11351,NA,10
11352,NA,10
11353,NA,10
11357,NA,10
11358,NA,10
11364,NA,10
11365,NA,10
11368,NA,10
11369,NA,10
11370,NA,10
11372,NA,10
11374,NA,10
11379,NA,10
11381,NA,10
11384,NA,10
11385,NA,10
11386,NA,10
11390,NA,10
11411,NA,10
11412,NA,10
11414,NA,10
11415,NA,10
11473,NA,10
11487,NA,10
11490,NA,2
11491,NA,10
11493,NA,10
11496,NA,10
11499,NA,10
11500,NA,10
11502,NA,10
1151,NA,10
11524,NA,10
11526,NA,10
11527,NA,10
11536,NA,10
11538,NA,10
11542,NA,10
11544,NA,10
11545,NA,10
11551,NA,10
11555,NA,10
11556,NA,10
11558,NA,10
11563,NA,10
11571,NA,10
11574,NA,10
11575,NA,10
11586,NA,10
11590,NA,10
11592,NA,10
11619,NA,10
11620,NA,10
11622,NA,10
11623,NA,10
11626,NA,7
11628,NA,10
11634,NA,10
11637,NA,10
11639,NA,10
11675,NA,10
11676,NA,10
1176,NA,10
11801,NA,10
11805,NA,10
11807,NA,10
12010,NA,10
12014,NA,10
12018,NA,10
12022,NA,10
12040,NA,10
12043,NA,10
12059,NA,10
12061,NA,10
12092,NA,10
12098,NA,10
12115,NA,10
12123,NA,10
12125,NA,10
12127,NA,10
12129,NA,10
12136,NA,10
12155,NA,10
1217,NA,10
12189,NA,10
12202,NA,10
12222,NA,10
12239,NA,10
12244,NA,10
12279,NA,10
12305,NA,10
12315,NA,10
12320,NA,10
12346,NA,10
12354,NA,10
12383,NA,10
12401,NA,10
12402,NA,10
12407,NA,10
12412,NA,10
12415,NA,10
12417,NA,10
12430,NA,10
12476,NA,10
12498,NA,10
12511,NA,10
12528,NA,10
12554,NA,10
12606,NA,10
12611,NA,10
12613,NA,10
12614,NA,10
12617,NA,10
12620,NA,10
12631,NA,10
12651,NA,10
12652,NA,10
1342,NA,10
1368,NA,8
1421,NA,10
1425,NA,10
1534,NA,10
1538,NA,10
1556,NA,10
1563,NA,10
1566,NA,10
1569,10,NA
1575,10,NA
1576,10,10
1578,NA,10
1593,NA,10
1596,NA,10
1608,NA,10
1619,NA,10
1625,NA,6
1801,NA,10
19008,NA,10
19016,NA,10
19039,NA,10
19049,NA,10
19050,NA,10
19063,NA,10
19087,NA,10
19088,NA,10
19092,NA,10
19106,NA,10
19108,NA,10
19111,NA,10
19114,NA,10
19115,NA,10
19118,NA,10
19121,NA,10
19122,NA,10
19123,NA,10
19127,NA,10
19128,NA,10
19135,NA,10
19143,NA,10
19153,NA,10
19154,NA,10
19158,NA,10
19159,NA,10
19167,NA,10
19169,NA,10
19170,NA,10
19172,NA,10
19183,NA,10
19185,NA,10
19190,NA,10
19197,NA,10
19235,NA,10
19313,NA,10
19381,NA,10
19382,NA,10
19383,NA,10
2007,NA,10
2010,NA,10
2013,NA,10
2014,NA,10
2017,NA,10
2021,NA,10
2026,NA,10
2027,NA,10
2030,NA,7
2032,NA,7
2034,NA,10
2040,NA,10
2043,NA,10
2048,NA,10
2057,NA,10
2058,NA,10
2062,NA,10
2087,NA,8
2090,NA,10
2091,NA,10
2092,NA,10
2094,NA,3
2095,NA,8
2102,NA,10
2103,NA,10
2106,NA,10
2107,NA,10
2108,NA,10
2111,NA,10
2115,NA,10
2122,NA,10
2126,NA,10
2128,NA,10
2131,NA,10
2148,NA,10
2152,NA,10
2155,NA,10
2164,NA,10
2180,NA,10
2187,NA,10
2190,NA,10
2191,NA,10
2192,NA,10
2193,NA,10
2198,NA,10
2199,NA,10
2202,NA,10
2203,NA,10
2206,NA,10
2208,NA,10
2212,NA,2
2219,NA,10
2221,NA,9
2222,NA,10
2226,NA,10
2227,NA,9
2229,NA,10
2241,NA,10
2253,NA,10
2258,NA,10
2269,NA,10
2270,NA,10
2271,NA,6
2272,NA,6
2275,NA,10
2276,NA,4
2277,NA,3
2278,NA,2
2279,NA,3
2280,NA,2
3001,NA,10
3003,NA,10
3008,NA,10
3014,NA,10
3017,NA,10
3021,NA,10
3029,NA,10
3036,NA,10
3042,NA,10
3056,NA,10
3057,NA,10
3059,NA,10
3068,NA,10
3073,NA,10
3074,NA,10
3076,NA,10
3079,NA,10
3083,NA,10
3085,NA,10
3087,NA,10
3088,NA,9
3095,NA,10
3096,NA,10
3099,NA,8
3100,NA,8
3102,NA,10
3106,NA,10
3110,NA,10
3113,NA,10
3115,NA,8
3117,NA,8
3118,NA,8
3119,NA,10
3120,NA,10
3122,NA,8
3123,NA,6
3124,NA,8
3126,NA,8
3127,NA,8
3128,NA,8
3130,NA,6
3131,NA,10
3133,NA,10
3135,NA,10
3136,NA,10
3147,NA,10
3150,NA,10
3155,NA,10
3156,NA,10
3157,NA,10
3159,NA,10
3160,NA,10
3161,NA,10
3163,NA,10
3169,NA,10
3171,NA,10
3175,NA,10
3178,NA,10
3180,NA,10
3198,NA,8
3201,NA,10
3202,NA,6
3203,NA,10
3207,NA,10
3210,NA,10
3214,NA,10
3218,NA,10
3219,NA,10
3220,NA,10
3222,NA,10
3225,NA,10
3229,NA,10
3232,NA,10
3234,NA,10
3237,NA,10
3245,NA,10
3246,NA,10
3247,NA,10
3248,NA,10
3250,NA,10
3252,NA,10
3254,NA,10
3257,NA,10
3258,NA,10
3259,NA,10
3261,NA,10
3263,NA,10
3264,NA,10
3271,NA,10
3277,NA,10
3281,NA,6
3283,NA,10
3291,NA,10
3292,NA,10
3293,NA,10
3307,NA,10
3310,NA,10
3315,NA,10
3321,NA,10
3329,NA,10
3334,NA,10
3341,NA,10
3344,NA,10
3355,NA,10
3357,NA,10
3359,NA,8
3360,NA,10
3362,NA,6
3365,NA,10
3366,NA,10
3367,NA,10
3383,NA,10
3388,NA,8
3390,NA,10
3398,NA,10
3403,NA,10
3404,NA,10
3405,NA,10
3407,NA,10
3414,NA,10
3421,NA,2
3424,NA,10
3426,NA,6
3430,NA,10
3431,NA,10
3433,NA,10
3443,NA,10
3445,NA,10
3479,NA,10
3480,NA,9
3483,NA,10
3488,NA,10
3489,NA,10
3499,NA,10
3501,NA,10
3507,NA,10
3510,NA,10
3515,NA,10
3516,NA,10
3518,NA,10
3527,NA,10
3554,NA,10
3560,NA,10
3564,NA,10
3569,NA,10
3577,NA,10
3578,NA,6
3579,NA,10
3581,NA,10
3582,NA,2
3597,NA,10
3599,NA,10
3602,NA,10
3603,NA,10
3607,NA,8
3616,NA,10
3625,NA,10
3627,NA,10
3630,NA,10
3637,NA,10
3641,NA,8
3655,NA,10
3659,NA,10
3669,NA,10
3801,NA,10
3809,NA,2
3811,NA,10
3821,NA,10
3881,NA,10
4005,10,10
4012,10,10
4027,10,10
4032,10,10
4033,10,10
4034,10,10
4036,10,10
4038,10,10
4043,10,10
4058,8,8
4068,10,10
4071,10,10
4085,10,10
4090,10,10
4095,10,10
4102,10,10
4105,10,10
4107,10,10
4116,10,10
4118,10,NA
4140,10,NA
4141,10,10
4145,10,10
4148,10,10
4158,10,10
4159,10,10
4160,10,10
4168,3,3
4170,10,NA
4173,10,10
4175,10,10
4179,10,10
4181,10,10
4197,10,10
4212,10,10
4215,10,10
4225,10,NA
4226,10,10
4235,10,10
4238,10,10
4240,10,10
48002,NA,10
48006,NA,10
48011,NA,10
48021,NA,10
48028,NA,6
48029,NA,10
48030,NA,10
48038,NA,10
48043,NA,10
48055,NA,10
48056,NA,10
48058,NA,10
48063,NA,6
48069,NA,10
48071,NA,10
48075,NA,10
48079,NA,10
48085,NA,10
48088,NA,10
48089,NA,10
48090,NA,10
48091,NA,10
48097,NA,10
48099,NA,10
48110,NA,10
48123,NA,10
49001,NA,10
49014,NA,10
49017,NA,9
49030,NA,10
49047,NA,10
49048,NA,10
49052,NA,10
49053,NA,10
49054,NA,10
49055,NA,10
49058,NA,10
49070,NA,10
49090,NA,10
49093,NA,10
49094,NA,10
49095,NA,10
49099,NA,10
49103,NA,10
49110,NA,10
49114,NA,10
49116,NA,6
49120,NA,10
49123,NA,10
49125,NA,10
49126,NA,10
49127,NA,10
49128,NA,10
49129,NA,10
49130,NA,10
49135,NA,10
49149,NA,10
5001,10,NA
5002,10,NA
5004,10,NA
5008,10,NA
5009,10,NA
5012,10,NA
5013,10,10
5016,10,NA
5019,10,NA
5020,10,NA
5024,10,6
5026,10,NA
5029,10,NA
5031,10,NA
5033,10,10
5036,10,10
5044,10,NA
5052,10,10
5055,10,10
5059,10,NA
5063,10,10
5072,10,10
5074,10,10
5081,10,10
5082,10,10
5085,10,10
5092,10,10
5094,10,10
5105,10,10
5108,10,NA
5110,10,NA
5112,10,NA
5113,10,NA
5115,10,NA
5116,10,NA
5117,10,NA
5120,3,3
5122,10,10
5128,10,10
5132,10,10
5135,10,10
5148,10,10
5151,10,10
5155,6,5
5160,10,10
5166,10,10
5167,10,10
5171,10,10
5190,10,10
5199,10,10
5202,10,10
5208,10,10
5211,10,10
5216,10,10
5217,10,10
5237,10,10
5238,6,6
5239,10,10
5244,10,NA
5250,10,10
5254,10,10
5256,10,NA
5262,10,10
5263,10,6
5269,10,NA
5277,10,10
5280,10,10
5287,10,10
5290,10,NA
5292,10,10
5296,10,NA
5306,6,NA
5307,10,NA
5311,10,10
5313,10,10
5319,10,10
5321,10,10
5328,10,10
5331,10,NA
5332,10,NA
5335,10,NA
5336,10,10
5339,10,NA
5347,10,10
5348,9,4
5349,10,NA
5352,10,10
5354,10,10
5358,10,10
5364,10,NA
5365,10,NA
5370,10,10
5375,10,NA
5383,10,10
5403,10,10
5415,10,10
5420,10,9
5440,NA,7
5446,10,NA
5449,10,10
5453,10,10
5454,10,NA
5458,10,10
5459,10,10
5461,10,10
5467,10,NA
5469,10,NA
5472,1,NA
5507,10,10
5529,10,10
5532,10,NA
5539,10,10
5552,10,10
5555,10,10
5580,10,10
5583,10,10
5589,10,10
5597,10,10
5599,10,NA
5600,10,10
5604,10,10
5607,10,10
5611,10,10
5613,10,10
5635,10,10
5642,10,10
5652,10,10
5659,10,NA
5662,10,10
5663,6,6
5664,10,10
5673,10,9
5674,9,9
5675,10,10
5733,10,10
5736,10,10
5740,10,10
5745,4,2
5746,10,10
5749,10,10
5758,10,10
5759,10,10
5760,10,NA
5761,10,NA
5762,10,NA
5765,NA,5
5803,10,NA
5805,10,NA
6001,10,NA
6005,10,NA
6010,10,NA
6016,10,NA
6018,10,NA
6020,10,NA
6022,10,NA
6023,8,NA
6024,10,NA
6026,10,NA
6027,10,NA
6030,10,NA
6037,10,NA
6038,10,NA
6039,10,NA
6040,10,NA
6042,10,NA
6046,10,10
6049,10,10
6053,10,10
6058,10,10
6059,1,1
6060,10,10
6065,10,10
6067,10,10
6069,10,NA
6072,6,NA
6073,10,10
6076,10,10
6077,10,10
6080,10,NA
6084,10,10
6086,10,10
6089,10,10
6091,10,10
6092,10,10
6093,10,NA
6095,10,NA
6096,10,10
6097,10,10
6103,10,10
6105,10,10
6108,10,10
6116,10,10
6121,10,10
6125,10,NA
6127,10,10
6128,10,10
6133,10,10
6134,10,10
6135,8,NA
6136,10,NA
6139,10,10
6141,10,10
6143,10,10
6148,10,10
6151,2,2
6155,10,10
6159,10,10
6160,8,NA
6162,10,10
6163,10,10
6164,10,10
6167,10,10
6171,10,10
6175,10,10
6178,10,10
6180,10,10
6181,10,10
6184,10,10
6185,10,NA
6187,10,10
6190,10,10
6194,10,10
6197,10,10
6207,10,10
6211,10,10
6218,10,10
6228,10,10
6229,10,10
6231,10,10
6237,10,10
6239,10,10
6246,7,6
6250,10,10
6256,10,10
6259,10,10
6265,10,NA
6275,10,NA
6280,10,NA
6285,3,NA
6286,10,NA
6287,10,NA
6291,10,NA
6295,10,10
6296,10,NA
6299,NA,7
6302,10,10
6319,10,10
6323,10,10
6329,10,9
6331,10,10
6334,10,10
6345,10,10
6349,10,10
6363,10,NA
6364,10,NA
6369,10,NA
6373,10,10
6387,10,10
6403,10,10
6407,10,10
6411,10,10
6414,10,10
6417,10,NA
6421,10,NA
6424,10,10
6437,10,9
6443,10,10
6444,10,10
6453,10,NA
6456,10,5
6473,10,10
6479,10,9
6485,10,10
6488,10,8
6491,10,10
6492,NA,6
6496,NA,6
6497,4,4
6506,10,10
6507,10,10
6511,10,NA
6523,10,NA
6528,10,10
6535,10,10
6544,10,NA
6545,10,10
6549,10,10
6550,10,10
6551,9,9
6556,8,7
6557,8,7
6562,10,10
6563,10,10
6564,5,5
6568,10,10
6573,2,2
6574,NA,9
70002,NA,10
70011,NA,10
70016,NA,10
70021,NA,10
70025,NA,10
70027,NA,10
7003,NA,10
70031,NA,10
70036,NA,10
7004,NA,10
70043,NA,10
7006,NA,10
70066,NA,10
70072,NA,10
7008,NA,10
70085,NA,10
7009,NA,10
70091,NA,10
70098,NA,10
70102,NA,10
7011,NA,10
70117,NA,10
70118,NA,10
7012,NA,10
70120,NA,10
70121,NA,10
70129,NA,10
70135,NA,9
70139,NA,10
70147,NA,10
7015,NA,10
70150,NA,10
70152,NA,10
70153,NA,9
70156,NA,10
70158,NA,10
7016,NA,10
70163,NA,10
70167,NA,10
70169,NA,10
7017,NA,8
70175,NA,10
70176,NA,10
70180,NA,10
7020,NA,10
70200,NA,10
70205,NA,10
70206,NA,10
70207,NA,10
70209,NA,10
70211,NA,10
70212,NA,10
70213,NA,10
70215,NA,10
70217,NA,10
7022,NA,10
70221,NA,10
70227,NA,10
70230,NA,10
70231,NA,10
70238,NA,10
7024,NA,10
70242,NA,10
70246,NA,10
70248,NA,10
70250,NA,10
70252,NA,10
70270,NA,10
70271,NA,10
70273,NA,7
70274,NA,3
70275,NA,10
7028,NA,10
70284,NA,10
70288,NA,10
7029,NA,10
70291,NA,10
70292,NA,10
70293,NA,10
70295,NA,10
70298,NA,10
70299,NA,10
70302,NA,10
70309,NA,10
7031,NA,10
70311,NA,10
70325,NA,10
70328,NA,10
70331,NA,10
70334,NA,10
70339,NA,10
7034,NA,10
70340,NA,10
70345,NA,10
70348,NA,10
7036,NA,10
70361,NA,10
70362,NA,10
70363,NA,10
70366,NA,9
70374,NA,10
70376,NA,10
70377,NA,10
70378,NA,10
70382,NA,10
7039,NA,10
70390,NA,10
70393,NA,10
70394,NA,9
70399,NA,10
70403,NA,10
70408,NA,10
7041,NA,10
70410,NA,10
70414,NA,10
70421,NA,10
70442,NA,10
70444,NA,10
70458,NA,10
70459,NA,10
70466,NA,10
7047,NA,10
70486,NA,10
70494,NA,10
70497,NA,9
70499,NA,10
70505,NA,7
70509,NA,10
7051,NA,10
70512,NA,10
70517,NA,10
70522,NA,10
7053,NA,10
70530,NA,7
70531,NA,10
70533,NA,10
70540,NA,10
70542,NA,10
70549,NA,10
70557,NA,10
70559,NA,10
7056,NA,10
70566,NA,10
70567,NA,6
70569,NA,10
70574,NA,10
70575,NA,10
70576,NA,6
70579,NA,10
70583,NA,10
70584,NA,10
70586,NA,10
70587,NA,10
70589,NA,10
70596,NA,10
70597,NA,10
7060,NA,10
70601,NA,10
70605,NA,10
70609,NA,10
70611,NA,10
70614,NA,10
70615,NA,3
70616,NA,10
70617,NA,10
70619,NA,8
7062,NA,10
70620,NA,6
70623,NA,9
70624,NA,10
70629,NA,3
7063,NA,10
7064,NA,10
7066,NA,10
7072,NA,10
7076,NA,10
7080,NA,10
70801,NA,10
70827,NA,10
70842,NA,10
70844,NA,10
70850,NA,10
7087,NA,10
7091,NA,10
7093,NA,8
7096,NA,10
7098,NA,10
7099,NA,10
71010,NA,6
71018,NA,10
7102,NA,10
7104,NA,10
71044,NA,10
71067,NA,10
71068,NA,10
71077,NA,5
7108,NA,10
71085,NA,10
71086,NA,10
71090,NA,6
71092,NA,10
71096,NA,10
71098,NA,7
71104,NA,10
71109,NA,10
71117,NA,6
7112,NA,10
71126,NA,10
71131,NA,10
71139,NA,10
71140,NA,10
71141,NA,5
71146,NA,10
71153,NA,10
71165,NA,10
71168,NA,10
7118,NA,8
71185,NA,10
71186,NA,10
7119,NA,10
71193,NA,10
71199,NA,10
71239,NA,10
7124,NA,10
71241,NA,10
71245,NA,10
71258,NA,10
71260,NA,10
71267,NA,10
71268,NA,10
71277,NA,10
71288,NA,5
7130,NA,10
7133,NA,10
7135,NA,10
7138,NA,8
7142,NA,10
7143,NA,8
7148,NA,10
7152,NA,10
7156,NA,10
7161,NA,10
7167,NA,10
7168,NA,10
7171,NA,10
7172,NA,10
7174,NA,10
7176,NA,10
7180,NA,10
7183,NA,8
7185,NA,10
7187,NA,10
7190,NA,10
7197,NA,10
7200,NA,10
72002,NA,6
72004,NA,10
72007,NA,10
72008,NA,10
7202,NA,10
7203,NA,10
72039,NA,10
72043,NA,10
72055,NA,10
72064,NA,10
72076,NA,10
72083,NA,10
72090,NA,10
72095,NA,10
72096,NA,10
72098,NA,10
72102,NA,10
72104,NA,10
72106,NA,10
72109,NA,10
72110,NA,10
72113,NA,10
72130,NA,10
72142,NA,10
72144,NA,10
72145,NA,6
72148,NA,10
72154,NA,7
72155,NA,10
72156,NA,10
72158,NA,6
72162,NA,10
72172,NA,10
72173,NA,8
72179,NA,10
72188,NA,10
72191,NA,10
72192,NA,10
72198,NA,10
72227,NA,8
72239,NA,10
72246,NA,10
72269,NA,10
72281,NA,10
72285,NA,10
72327,NA,10
72366,NA,10
72423,NA,10
72427,NA,10
72450,NA,10
72454,NA,10
72459,NA,10
72467,NA,1
72477,NA,1
72478,NA,10
72481,NA,10
72502,NA,10
72504,NA,10
72508,NA,10
72510,NA,3
72518,NA,10
72519,NA,10
72523,NA,5
72552,NA,10
72559,NA,10
72566,NA,10
72569,NA,10
72577,NA,10
72584,NA,6
72585,NA,10
72588,NA,10
72590,NA,6
72592,NA,10
72601,NA,6
72603,NA,10
72610,NA,10
72617,NA,10
72623,NA,10
72625,NA,10
72641,NA,1
72649,NA,10
72654,NA,10
72660,NA,10
72661,NA,10
72668,NA,10
72680,NA,1
72682,NA,10
72696,NA,10
72697,NA,6
72716,NA,10
72721,NA,10
72727,NA,2
72729,NA,10
72731,NA,10
72738,NA,10
72739,NA,10
72740,NA,1
72744,NA,10
72745,NA,10
72748,NA,10
72751,NA,1
72752,NA,10
72753,NA,10
72760,NA,10
72761,NA,10
72762,NA,6
72763,NA,5
72818,NA,10
73110,NA,10
73186,NA,10
73190,NA,10
73208,NA,1
74362,NA,10
74410,NA,10
74412,NA,6
74413,NA,10
74416,NA,10
74422,NA,10
74425,NA,10
74428,NA,10
74431,NA,10
74434,NA,10
74438,NA,10
74443,NA,6
74804,NA,10
75006,NA,10
75033,NA,10
75058,NA,10
75074,NA,10
75079,NA,10
75106,NA,10
75108,NA,10
75110,NA,10
75111,NA,10
75119,NA,10
75121,NA,10
75128,NA,9
75150,NA,9
75151,NA,9
75156,NA,10
75158,NA,2
75168,NA,9
75169,NA,3
75176,NA,9
75190,NA,9
75196,NA,9
75198,NA,10
75200,NA,9
75201,NA,9
75202,NA,10
75203,NA,10
75206,NA,10
75208,NA,10
75209,NA,10
75210,NA,10
75211,NA,10
75217,NA,10
75219,NA,10
75221,NA,10
75222,NA,10
75225,NA,10
75227,NA,10
75235,NA,10
75236,NA,10
75238,NA,10
75239,NA,10
75241,NA,10
75254,NA,10
75257,NA,10
75259,NA,10
75263,NA,10
75265,NA,10
75266,NA,10
75267,NA,10
75271,NA,10
75273,NA,10
75274,NA,10
75280,NA,10
75284,NA,10
75286,NA,10
75287,NA,10
75288,NA,3
75289,NA,10
75290,NA,10
75291,NA,10
75292,NA,10
75293,NA,10
75296,NA,10
75297,NA,10
75299,NA,10
75300,NA,10
75301,NA,10
75303,NA,10
75306,NA,9
75309,NA,9
75311,NA,10
75314,NA,10
75317,NA,10
75320,NA,10
75326,NA,10
75328,NA,10
75332,NA,9
75333,NA,9
75336,NA,9
75337,NA,9
75339,NA,9
75343,NA,9
75348,NA,9
75359,NA,10
75361,NA,10
75367,NA,10
75368,NA,10
75382,NA,10
75387,NA,10
75388,NA,10
75389,NA,10
75394,NA,10
75402,NA,10
75427,NA,10
75428,NA,10
75435,NA,8
75438,NA,8
75453,NA,10
75463,NA,10
75469,NA,10
75472,NA,3
75480,NA,10
75491,NA,10
75497,NA,10
75500,NA,10
75501,NA,10
75503,NA,10
75505,NA,10
75511,NA,10
75512,NA,10
75518,NA,10
75520,NA,10
75521,NA,8
75527,NA,10
75530,NA,10
75536,NA,10
75540,NA,10
75543,NA,10
75547,NA,10
75552,NA,10
75553,NA,10
75561,NA,10
75573,NA,10
75576,NA,10
75579,NA,10
75605,NA,8
75607,NA,10
75608,NA,10
75615,NA,10
75619,NA,10
75624,NA,10
75627,NA,10
75631,NA,10
75635,NA,10
75643,NA,10
75645,NA,10
75646,NA,10
75648,NA,10
75656,NA,10
75658,NA,10
75664,NA,10
75674,NA,10
75676,NA,10
75678,NA,10
75682,NA,10
75683,NA,10
75684,NA,10
75687,NA,10
75692,NA,10
75697,NA,10
75699,NA,10
75701,NA,6
75710,NA,10
75716,NA,9
75718,NA,6
75727,NA,10
75728,NA,10
75740,NA,10
75744,NA,9
75749,NA,10
75751,NA,10
75752,NA,10
75755,NA,6
75758,NA,10
75761,NA,10
75772,NA,10
75776,NA,10
75780,NA,10
75782,NA,6
75783,NA,7
76007,NA,10
76008,NA,10
76075,NA,10
76076,NA,10
76089,NA,10
76099,NA,10
76105,NA,5
76112,NA,10
76130,NA,10
76133,NA,5
76136,NA,6
76139,NA,10
76141,NA,10
76145,NA,10
76147,NA,10
76159,NA,10
76165,NA,10
76176,NA,10
76180,NA,10
76190,NA,10
76200,NA,10
76217,NA,10
76243,NA,10
76253,NA,10
76255,NA,10
76256,NA,10
76263,NA,10
76264,NA,10
76270,NA,10
76275,NA,10
76284,NA,10
76289,NA,10
76295,NA,10
76317,NA,10
76318,NA,10
76320,NA,10
76321,NA,10
76324,NA,10
76325,NA,10
76345,NA,10
76351,NA,10
76355,NA,10
76360,NA,10
76363,NA,10
76364,NA,10
76367,NA,10
76406,NA,10
76408,NA,10
76416,NA,10
76417,NA,10
76421,NA,10
76423,NA,10
76454,NA,10
76456,NA,10
76461,NA,10
76462,NA,10
76466,NA,10
76470,NA,10
76482,NA,5
76483,NA,10
76486,NA,10
76489,NA,10
76490,NA,10
76491,NA,10
76492,NA,10
76494,NA,10
76495,NA,10
76499,NA,10
76500,NA,10
76504,NA,8
76512,NA,10
76518,NA,10
76519,NA,10
76520,NA,10
76526,NA,2
76533,NA,10
76550,NA,8
76553,NA,8
76556,NA,8
76557,NA,8
76566,NA,8
76574,NA,8
76584,NA,4
76594,NA,8
76596,NA,8
76597,NA,8
76601,NA,8
76602,NA,8
76603,NA,8
76611,NA,8
76614,NA,8
76619,NA,8
76620,NA,8
76622,NA,4
76627,NA,8
76628,NA,8
76634,NA,8
76637,NA,4
76638,NA,8
76640,NA,8
76642,NA,8
76644,NA,10
76646,NA,10
76648,NA,10
76649,NA,10
76650,NA,10
76651,NA,10
76652,NA,10
76653,NA,10
76654,NA,10
76655,NA,8
76656,NA,8
76661,NA,10
76663,NA,10
76664,NA,9
76665,NA,8
76669,NA,10
76671,NA,4
76673,NA,10
76674,NA,8
76675,NA,8
76676,NA,8
76685,NA,10
76688,NA,10
76690,NA,10
76692,NA,10
76695,NA,8
76696,NA,8
76697,NA,8
76700,NA,8
76701,NA,10
76702,NA,10
76704,NA,10
76705,NA,9
76706,NA,8
77112,NA,10
77115,NA,10
77116,NA,10
77124,NA,10
77130,NA,10
77132,NA,10
77140,NA,10
77146,NA,10
77152,NA,10
77156,NA,10
77159,NA,10
77164,NA,10
77166,NA,10
77179,NA,10
77189,NA,10
77193,NA,10
77197,NA,10
77201,NA,10
77209,NA,10
77210,NA,10
77212,NA,10
77217,NA,10
77223,NA,10
77231,NA,10
77242,NA,10
77245,NA,10
77246,NA,10
77250,NA,10
77259,NA,10
77260,NA,10
77266,NA,10
77270,NA,10
77276,NA,10
77285,NA,10
77288,NA,10
77292,NA,10
77298,NA,10
77311,NA,10
77327,NA,10
77329,NA,10
77336,NA,10
77339,NA,10
77340,NA,10
77348,NA,10
77362,NA,10
77370,NA,10
77397,NA,10
77407,NA,10
77409,NA,10
77801,NA,10
77802,NA,9
77803,NA,1
77824,NA,9
78004,NA,10
78011,NA,10
78013,NA,10
78016,NA,10
78017,NA,10
78021,NA,10
78050,NA,10
78052,NA,10
78053,NA,10
78054,NA,10
78055,NA,10
78078,NA,10
78082,NA,10
78087,NA,10
78092,NA,10
78106,NA,10
78109,NA,10
78111,NA,10
78112,NA,8
78125,NA,8
78130,NA,10
78132,NA,10
78135,NA,10
78138,NA,10
78141,NA,10
78142,NA,10
78144,NA,10
78146,NA,10
78160,NA,10
78163,NA,10
78164,NA,10
78165,NA,10
78170,NA,8
78173,NA,10
78182,NA,10
78188,NA,10
78191,NA,10
78196,NA,10
78202,NA,10
78205,NA,10
78218,NA,10
78224,NA,10
78225,NA,10
78229,NA,10
78231,NA,10
78234,NA,10
78235,NA,10
78252,NA,10
78261,NA,10
78275,NA,10
78277,NA,10
78334,NA,10
78343,NA,10
78345,NA,10
78391,NA,10
78393,NA,10
78394,NA,10
78404,NA,10
78410,NA,10
78499,NA,10
78501,NA,10
78502,NA,10
78503,NA,10
78504,NA,10
78507,NA,10
78509,NA,10
78510,NA,10
78512,NA,10
78513,NA,10
78515,NA,10
78519,NA,10
78529,NA,10
78563,NA,10
78568,NA,10
78590,NA,10
78596,NA,8
78611,NA,10
78613,NA,10
78614,NA,10
78620,NA,10
78623,NA,10
78801,NA,10
79001,NA,10
79006,NA,10
79011,NA,10
79051,NA,10
79244,NA,10
79261,NA,10
79324,NA,10
79335,NA,10
80113,NA,10
80118,NA,10
8013,NA,10
80148,NA,10
80157,NA,10
80160,NA,10
80165,NA,10
80172,NA,10
80174,NA,10
80196,NA,10
80197,NA,10
80198,NA,10
80204,NA,10
80218,NA,10
80220,NA,10
80222,NA,10
80224,NA,10
80230,NA,10
80236,NA,10
80405,NA,10
80424,NA,10
80442,NA,10
8059,NA,10
80592,NA,10
8084,NA,10
8091,NA,10
8095,NA,10
8097,NA,10
8099,NA,10
8120,NA,10
8129,NA,10
8134,NA,10
8139,NA,10
8145,NA,10
8147,NA,10
8150,NA,10
8155,NA,10
81562,NA,3
81565,NA,4
81580,NA,4
81581,NA,4
81592,NA,4
81593,NA,4
81597,NA,4
81600,NA,4
81602,NA,4
81604,NA,4
8161,NA,10
81616,NA,4
8162,NA,10
81640,NA,3
81648,NA,4
81674,NA,4
81677,NA,4
81686,NA,4
81691,NA,4
81692,NA,4
81693,NA,4
81694,NA,4
81697,NA,4
81717,NA,4
8172,NA,10
81724,NA,4
81730,NA,4
81737,NA,4
81741,NA,4
81745,NA,4
81748,NA,4
81750,NA,4
81753,NA,4
81757,NA,4
81767,NA,4
81772,NA,4
8182,NA,10
8184,NA,10
8186,NA,10
8188,NA,10
8194,NA,10
8198,NA,10
82001,NA,9
82010,NA,10
82013,NA,10
82023,NA,10
82025,NA,2
82026,NA,10
82033,NA,9
82034,NA,9
82039,NA,10
8204,NA,10
82046,NA,10
82050,NA,10
82060,NA,10
8209,NA,10
8217,NA,10
8219,NA,10
8230,NA,10
8233,NA,10
8241,NA,10
8246,NA,10
8249,NA,10
8251,NA,10
8254,NA,10
8256,NA,10
8281,NA,10
8288,NA,10
8289,NA,10
8290,NA,10
8291,NA,10
8296,NA,10
8306,NA,10
83061,NA,10
83063,NA,10
83110,NA,10
8313,NA,10
83137,NA,10
83150,NA,10
83157,NA,10
83161,NA,10
8317,NA,10
83174,NA,10
83183,NA,10
83202,NA,8
83207,NA,10
8321,NA,10
83214,NA,10
8323,NA,10
83236,NA,10
83249,NA,10
8326,NA,10
83260,NA,10
83262,NA,10
83266,NA,10
83288,NA,10
83314,NA,10
83318,NA,10
83323,NA,10
83338,NA,10
8334,NA,10
83340,NA,10
83348,NA,10
83350,NA,10
83369,NA,10
83372,NA,10
83374,NA,10
83378,NA,10
83385,NA,10
8339,NA,10
83395,NA,10
83409,NA,4
83411,NA,10
83415,NA,10
83437,NA,10
83441,NA,8
83454,NA,10
83459,NA,10
83460,NA,10
8347,NA,10
83477,NA,8
83481,NA,10
83486,NA,8
83497,NA,7
8356,NA,10
8359,NA,10
8361,NA,10
8364,NA,10
8367,NA,9
8374,NA,10
8375,NA,10
8376,NA,10
8379,NA,10
83801,NA,9
83809,NA,10
83813,NA,10
83818,NA,10
83829,NA,10
83833,NA,10
8384,NA,10
8389,NA,10
84008,NA,10
84009,NA,10
84011,NA,10
84019,NA,10
84026,NA,10
84029,NA,10
8403,NA,10
84031,NA,10
84034,NA,10
84037,NA,10
84039,NA,10
84043,NA,10
84064,NA,10
84078,NA,10
84091,NA,10
8410,NA,10
84108,NA,10
8411,NA,10
84119,NA,10
8412,NA,10
84129,NA,10
84134,NA,10
84157,NA,10
84165,NA,10
84173,NA,10
84179,NA,10
84185,NA,10
84192,NA,10
84200,NA,10
84213,NA,10
84215,NA,10
84233,NA,10
84243,NA,10
84245,NA,10
84286,NA,10
84295,NA,10
84299,NA,9
84302,NA,10
84311,NA,2
84312,NA,10
84315,NA,10
84320,NA,7
84321,NA,10
84333,NA,10
84336,NA,10
84342,NA,10
84343,NA,10
84344,NA,10
84346,NA,10
84347,NA,10
84348,NA,9
84351,NA,10
84354,NA,10
84397,NA,10
84398,NA,10
84399,NA,10
84400,NA,10
84401,NA,10
84415,NA,7
84446,NA,10
84447,NA,10
84448,NA,10
84449,NA,10
84452,NA,10
84453,NA,10
84454,NA,10
84803,NA,10
84804,NA,9
84806,NA,9
84822,NA,10
84824,NA,7
84825,NA,2
84827,NA,10
8582,NA,10
9002,NA,10
9022,NA,10
9049,NA,10
9053,NA,10
9079,NA,10
9092,NA,10
9112,NA,10
9115,NA,10
9116,NA,10
9122,NA,10
9124,NA,10
9125,NA,10
9127,NA,10
9134,NA,10
9138,NA,10
9164,NA,10
9166,NA,10
9169,NA,10
9189,NA,10
9191,NA,10
9194,NA,10
9199,NA,10
9204,NA,10
9207,NA,10
9213,NA,10
9215,NA,10
9216,NA,10
9217,NA,10
9223,NA,10
9226,NA,10
9235,NA,10
9237,NA,10
9253,NA,10
9256,NA,10
9264,NA,10
9279,NA,10
9282,NA,10
9283,NA,10
9285,NA,10
9286,NA,10
9290,NA,10
9294,NA,10
9297,NA,10
9298,NA,10
9301,NA,10
9302,NA,10
9304,NA,10
9306,NA,7
9309,NA,10
9312,NA,10
9316,NA,10
9318,NA,7
9319,NA,9
9323,NA,10
9324,NA,10
9326,NA,10
9329,NA,10
9331,NA,10
9333,NA,10
9335,NA,10
9337,NA,10
9341,NA,10
9342,NA,10
9343,NA,10
9344,NA,10
9345,NA,10
9355,NA,10
9356,NA,10
9358,NA,1
9370,NA,10
9371,NA,10
9372,NA,10
9374,NA,8
9378,NA,3
9380,NA,10
9383,NA,10
9384,NA,10
9385,NA,10
9390,NA,10
9396,NA,10
9397,NA,10
9401,NA,10
9403,NA,10
9404,NA,10
9406,NA,10
9415,NA,10
9417,NA,10
9419,NA,10
9422,NA,10
9425,NA,10
9427,NA,10
9429,NA,10
9436,NA,10
9499,NA,10
9503,NA,10
9511,NA,10
9520,NA,10
9521,NA,10
9522,NA,10
9523,NA,10
9546,NA,10
9547,NA,10
9560,NA,10
9563,NA,10
9566,NA,10
9568,NA,10
9577,NA,8
9582,NA,1
9588,NA,9
9593,NA,1
9803,NA,10
9978,NA,4
